date,close
2015-01-02,169.26750183105469
2015-01-05,166.21058654785156
2015-01-06,164.64511108398438
2015-01-07,166.69671630859375
2015-01-08,169.65472412109375
2015-01-09,168.29527282714844
2015-01-12,166.97689819335938
2015-01-13,166.50724792480469
2015-01-14,165.50196838378906
2015-01-15,163.98587036132812
2015-01-16,166.136474609375
2015-01-20,166.49075317382812
2015-01-21,167.33122253417969
2015-01-22,169.819580078125
2015-01-23,168.88853454589844
2015-01-26,169.28402709960938
2015-01-27,167.05107116699219
2015-01-28,164.90873718261719
2015-01-29,166.43305969238281
2015-01-30,164.3402099609375
2015-02-02,166.3753662109375
2015-02-03,168.78135681152344
2015-02-04,168.13870239257812
2015-02-05,169.83609008789062
2015-02-06,169.36639404296875
2015-02-09,168.60836791992188
2015-02-10,170.40458679199219
2015-02-11,170.50344848632812
2015-02-12,172.14317321777344
2015-02-13,172.85177612304688
2015-02-17,173.12368774414062
2015-02-18,173.14021301269531
2015-02-19,173.01654052734375
2015-02-20,174.05476379394531
2015-02-23,174.03009033203125
2015-02-24,174.52439880371094
2015-02-25,174.3760986328125
2015-02-26,174.17015075683594
2015-02-27,173.57685852050781
2015-03-02,174.67274475097656
2015-03-03,173.95584106445312
2015-03-04,173.22254943847656
2015-03-05,173.41209411621094
2015-03-06,170.97315979003906
2015-03-09,171.68173217773438
2015-03-10,168.89674377441406
2015-03-11,168.50128173828125
2015-03-12,170.64358520507812
2015-03-13,169.59710693359375
2015-03-16,171.863037109375
2015-03-17,171.35215759277344
2015-03-18,173.41209411621094
2015-03-19,172.62110900878906
2015-03-20,174.144775390625
2015-03-23,173.80543518066406
2015-03-24,172.82881164550781
2015-03-25,170.29620361328125
2015-03-26,169.89064025878906
2015-03-27,170.27964782714844
2015-03-30,172.35704040527344
2015-03-31,170.85072326660156
2015-04-01,170.24653625488281
2015-04-02,170.8590087890625
2015-04-06,172.00947570800781
2015-04-07,171.55424499511719
2015-04-08,172.13359069824219
2015-04-09,172.89498901367188
2015-04-10,173.83857727050781
2015-04-13,173.05226135253906
2015-04-14,173.38334655761719
2015-04-15,174.16128540039062
2015-04-16,174.11167907714844
2015-04-17,172.10873413085938
2015-04-20,173.68125915527344
2015-04-21,173.47439575195312
2015-04-22,174.32684326171875
2015-04-23,174.76551818847656
2015-04-24,175.1710205078125
2015-04-27,174.4427490234375
2015-04-28,174.99726867675781
2015-04-29,174.27720642089844
2015-04-30,172.5308837890625
2015-05-01,174.4013671875
2015-05-04,174.89791870117188
2015-05-05,172.89498901367188
2015-05-06,172.1832275390625
2015-05-07,172.87020874023438
2015-05-08,175.14622497558594
2015-05-11,174.31028747558594
2015-05-12,173.78886413574219
2015-05-13,173.82196044921875
2015-05-14,175.63450622558594
2015-05-15,175.82489013671875
2015-05-18,176.37112426757812
2015-05-19,176.31321716308594
2015-05-20,176.18907165527344
2015-05-21,176.70216369628906
2015-05-22,176.28009033203125
2015-05-26,174.38473510742188
2015-05-27,176.04008483886719
2015-05-28,175.8414306640625
2015-05-29,174.74897766113281
2015-06-01,175.10482788085938
2015-06-02,174.93101501464844
2015-06-03,175.39454650878906
2015-06-04,173.91305541992188
2015-06-05,173.61508178710938
2015-06-08,172.54740905761719
2015-06-09,172.52259826660156
2015-06-10,174.59169006347656
2015-06-11,175.15447998046875
2015-06-12,173.81367492675781
2015-06-15,173.06881713867188
2015-06-16,174.01231384277344
2015-06-17,174.29380798339844
2015-06-18,176.1063232421875
2015-06-19,175.32455444335938
2015-06-22,176.22265625
2015-06-23,176.34744262695312
2015-06-24,175.06672668457031
2015-06-25,174.53443908691406
2015-06-26,174.50117492675781
2015-06-29,170.841796875
2015-06-30,171.19940185546875
2015-07-01,172.57168579101562
2015-07-02,172.41366577148438
2015-07-06,171.92298889160156
2015-07-07,173.004150390625
2015-07-08,170.10163879394531
2015-07-09,170.40931701660156
2015-07-10,172.55500793457031
2015-07-13,174.45956420898438
2015-07-14,175.21636962890625
2015-07-15,175.15818786621094
2015-07-16,176.56369018554688
2015-07-17,176.71343994140625
2015-07-20,176.80487060546875
2015-07-21,176.10630798339844
2015-07-22,175.79022216796875
2015-07-23,174.800537109375
2015-07-24,172.98748779296875
2015-07-27,171.98114013671875
2015-07-28,174.0936279296875
2015-07-29,175.29124450683594
2015-07-30,175.33285522460938
2015-07-31,175.06672668457031
2015-08-03,174.4761962890625
2015-08-04,174.13525390625
2015-08-05,174.70907592773438
2015-08-06,173.27859497070312
2015-08-07,172.94589233398438
2015-08-10,175.12493896484375
2015-08-11,173.54472351074219
2015-08-12,173.75265502929688
2015-08-13,173.53645324707031
2015-08-14,174.16850280761719
2015-08-17,175.1416015625
2015-08-18,174.63417053222656
2015-08-19,173.25363159179688
2015-08-20,169.63589477539062
2015-08-21,164.52946472167969
2015-08-24,157.60159301757812
2015-08-25,155.74699401855469
2015-08-26,161.72663879394531
2015-08-27,165.72700500488281
2015-08-28,165.73533630371094
2015-08-31,164.39637756347656
2015-09-01,159.489501953125
2015-09-02,162.51681518554688
2015-09-03,162.63322448730469
2015-09-04,160.17149353027344
2015-09-08,164.19676208496094
2015-09-09,162.00112915039062
2015-09-10,162.88270568847656
2015-09-11,163.62294006347656
2015-09-14,163.01579284667969
2015-09-15,165.05337524414062
2015-09-16,166.48385620117188
2015-09-17,166.10964965820312
2015-09-18,163.39511108398438
2015-09-21,164.23945617675781
2015-09-22,162.10768127441406
2015-09-23,161.84855651855469
2015-09-24,161.26332092285156
2015-09-25,161.22157287597656
2015-09-28,157.17532348632812
2015-09-29,157.26727294921875
2015-09-30,160.20166015625
2015-10-01,160.61959838867188
2015-10-02,163.01893615722656
2015-10-05,165.91981506347656
2015-10-06,165.35133361816406
2015-10-07,166.7056884765625
2015-10-08,168.21046447753906
2015-10-09,168.310791015625
2015-10-12,168.46958923339844
2015-10-13,167.40789794921875
2015-10-14,166.60533142089844
2015-10-15,169.16349792480469
2015-10-16,169.93257141113281
2015-10-19,170.01622009277344
2015-10-20,169.79881286621094
2015-10-21,168.7454833984375
2015-10-22,171.59620666503906
2015-10-23,173.47723388671875
2015-10-26,173.05091857910156
2015-10-27,172.71650695800781
2015-10-28,174.68106079101562
2015-10-29,174.58076477050781
2015-10-30,173.82829284667969
2015-11-02,175.88490295410156
2015-11-03,176.39485168457031
2015-11-04,175.85977172851562
2015-11-05,175.68423461914062
2015-11-06,175.59226989746094
2015-11-09,173.95375061035156
2015-11-10,174.35504150390625
2015-11-11,173.66949462890625
2015-11-12,171.24508666992188
2015-11-13,169.32232666015625
2015-11-16,171.89720153808594
2015-11-17,171.7718505859375
2015-11-18,174.49713134765625
2015-11-19,174.34669494628906
2015-11-20,174.98200988769531
2015-11-23,174.78138732910156
2015-11-24,175.01547241210938
2015-11-25,174.99034118652344
2015-11-27,175.19099426269531
2015-11-30,174.4637451171875
2015-12-01,176.12730407714844
2015-12-02,174.3299560546875
2015-12-03,171.8887939453125
2015-12-04,175.24119567871094
2015-12-07,174.179443359375
2015-12-08,173.00906372070312
2015-12-09,171.6630859375
2015-12-10,172.10617065429688
2015-12-11,168.77061462402344
2015-12-14,169.62324523925781
2015-12-15,171.40391540527344
2015-12-16,173.91192626953125
2015-12-17,171.26179504394531
2015-12-18,168.21080017089844
2015-12-21,169.59837341308594
2015-12-22,171.13735961914062
2015-12-23,173.25662231445312
2015-12-24,172.97065734863281
2015-12-28,172.575439453125
2015-12-29,174.41714477539062
2015-12-30,173.18087768554688
2015-12-31,171.44856262207031
2016-01-04,169.05178833007812
2016-01-05,169.33770751953125
2016-01-06,167.20162963867188
2016-01-07,163.19023132324219
2016-01-08,161.39898681640625
2016-01-11,161.55873107910156
2016-01-12,162.86225891113281
2016-01-13,158.80036926269531
2016-01-14,161.40737915039062
2016-01-15,157.94252014160156
2016-01-19,158.15281677246094
2016-01-20,156.12605285644531
2016-01-21,157.00068664550781
2016-01-22,160.2215576171875
2016-01-25,157.79959106445312
2016-01-26,159.95243835449219
2016-01-27,158.21168518066406
2016-01-28,159.03581237792969
2016-01-29,162.91267395019531
2016-02-01,162.85382080078125
2016-02-02,159.91883850097656
2016-02-03,160.8775634765625
2016-02-04,161.12983703613281
2016-02-05,158.06024169921875
2016-02-08,155.9326171875
2016-02-09,155.94105529785156
2016-02-10,155.80650329589844
2016-02-11,153.77973937988281
2016-02-12,156.95022583007812
2016-02-16,159.59927368164062
2016-02-17,162.20626831054688
2016-02-18,161.54190063476562
2016-02-19,161.46624755859375
2016-02-22,163.80412292480469
2016-02-23,161.73533630371094
2016-02-24,162.475341796875
2016-02-25,164.44325256347656
2016-02-26,164.0648193359375
2016-02-29,162.77813720703125
2016-03-01,166.60453796386719
2016-03-02,167.35299682617188
2016-03-03,168.00894165039062
2016-03-04,168.5555419921875
2016-03-07,168.69013977050781
2016-03-08,166.84841918945312
2016-03-09,167.67257690429688
2016-03-10,167.80711364746094
2016-03-11,170.51506042480469
2016-03-14,170.29641723632812
2016-03-15,170.01885986328125
2016-03-16,171.00279235839844
2016-03-17,172.087646484375
2016-03-18,172.763916015625
2016-03-21,173.00906372070312
2016-03-22,172.91606140136719
2016-03-23,171.77490234375
2016-03-24,171.69879150390625
2016-03-28,171.80026245117188
2016-03-29,173.38943481445312
2016-03-30,174.15020751953125
2016-03-31,173.7275390625
2016-04-01,174.91096496582031
2016-04-04,174.34465026855469
2016-04-05,172.60334777832031
2016-04-06,174.48835754394531
2016-04-07,172.40040588378906
2016-04-08,172.86531066894531
2016-04-11,172.4595947265625
2016-04-12,174.06564331054688
2016-04-13,175.82391357421875
2016-04-14,175.83235168457031
2016-04-15,175.63790893554688
2016-04-18,176.87208557128906
2016-04-19,177.43003845214844
2016-04-20,177.59906005859375
2016-04-21,176.64384460449219
2016-04-22,176.64384460449219
2016-04-25,176.33953857421875
2016-04-26,176.6015625
2016-04-27,176.96511840820312
2016-04-28,175.3590087890625
2016-04-29,174.41227722167969
2016-05-02,175.79856872558594
2016-05-03,174.2685546875
2016-05-04,173.29652404785156
2016-05-05,173.26263427734375
2016-05-06,173.89663696289062
2016-05-09,174.04026794433594
2016-05-10,176.20429992675781
2016-05-11,174.55593872070312
2016-05-12,174.60664367675781
2016-05-13,173.08509826660156
2016-05-16,174.79266357421875
2016-05-17,173.16120910644531
2016-05-18,173.21192932128906
2016-05-19,172.61178588867188
2016-05-20,173.70225524902344
2016-05-23,173.46553039550781
2016-05-24,175.71403503417969
2016-05-25,176.90592956542969
2016-05-26,176.95671081542969
2016-05-27,177.7174072265625
2016-05-31,177.37930297851562
2016-06-01,177.74275207519531
2016-06-02,178.28373718261719
2016-06-03,177.75120544433594
2016-06-06,178.65570068359375
2016-06-07,178.93463134765625
2016-06-08,179.51789855957031
2016-06-09,179.27276611328125
2016-06-10,177.57373046875
2016-06-13,176.20429992675781
2016-06-14,175.85769653320312
2016-06-15,175.61257934570312
2016-06-16,176.13664245605469
2016-06-17,175.48072814941406
2016-06-20,176.61082458496094
2016-06-21,177.11210632324219
2016-06-22,176.8232421875
2016-06-23,179.12593078613281
2016-06-24,172.69369506835938
2016-06-27,169.60079956054688
2016-06-28,172.65968322753906
2016-06-29,175.59965515136719
2016-06-30,177.99583435058594
2016-07-01,178.36967468261719
2016-07-05,177.08665466308594
2016-07-06,178.14874267578125
2016-07-07,178.03828430175781
2016-07-08,180.68940734863281
2016-07-11,181.32669067382812
2016-07-12,182.64370727539062
2016-07-13,182.61825561523438
2016-07-14,183.63784790039062
2016-07-15,183.39146423339844
2016-07-18,183.88429260253906
2016-07-19,183.69734191894531
2016-07-20,184.46209716796875
2016-07-21,183.76531982421875
2016-07-22,184.58952331542969
2016-07-25,184.08818054199219
2016-07-26,184.17315673828125
2016-07-27,183.97776794433594
2016-07-28,184.19015502929688
2016-07-29,184.487548828125
2016-08-01,184.3345947265625
2016-08-02,183.15354919433594
2016-08-03,183.68882751464844
2016-08-04,183.88429260253906
2016-08-05,185.38824462890625
2016-08-08,185.27783203125
2016-08-09,185.38824462890625
2016-08-10,184.92939758300781
2016-08-11,185.78762817382812
2016-08-12,185.62619018554688
2016-08-15,186.16148376464844
2016-08-16,185.20133972167969
2016-08-17,185.54969787597656
2016-08-18,185.966064453125
2016-08-19,185.69410705566406
2016-08-22,185.68569946289062
2016-08-23,186.05953979492188
2016-08-24,185.10787963867188
2016-08-25,184.98040771484375
2016-08-26,184.63200378417969
2016-08-29,185.54124450683594
2016-08-30,185.23529052734375
2016-08-31,184.70852661132812
2016-09-01,184.71696472167969
2016-09-02,185.54969787597656
2016-09-06,186.11050415039062
2016-09-07,186.09349060058594
2016-09-08,185.66864013671875
2016-09-09,181.22468566894531
2016-09-12,183.82484436035156
2016-09-13,181.18223571777344
2016-09-14,181.11421203613281
2016-09-15,182.92411804199219
2016-09-16,182.21699523925781
2016-09-19,182.25117492675781
2016-09-20,182.25968933105469
2016-09-21,184.30935668945312
2016-09-22,185.47073364257812
2016-09-23,184.45443725585938
2016-09-26,182.9599609375
2016-09-27,184.0958251953125
2016-09-28,185.00956726074219
2016-09-29,183.33572387695312
2016-09-30,184.71920776367188
2016-10-03,184.27508544921875
2016-10-04,183.33572387695312
2016-10-05,184.14703369140625
2016-10-06,184.27508544921875
2016-10-07,183.64311218261719
2016-10-10,184.59963989257812
2016-10-11,182.26821899414062
2016-10-12,182.50735473632812
2016-10-13,181.90951538085938
2016-10-14,182.00349426269531
2016-10-17,181.37156677246094
2016-10-18,182.50735473632812
2016-10-19,182.99407958984375
2016-10-20,182.65252685546875
2016-10-21,182.73796081542969
2016-10-24,183.51504516601562
2016-10-25,182.90016174316406
2016-10-26,182.53298950195312
2016-10-27,182.04620361328125
2016-10-28,181.50816345214844
2016-10-31,181.51676940917969
2016-11-01,180.20159912109375
2016-11-02,179.11700439453125
2016-11-03,178.29716491699219
2016-11-04,178.10076904296875
2016-11-07,182.02912902832031
2016-11-08,182.84893798828125
2016-11-09,184.78753662109375
2016-11-10,185.24868774414062
2016-11-11,184.82170104980469
2016-11-14,184.96684265136719
2016-11-15,186.41009521484375
2016-11-16,186.06004333496094
2016-11-17,187.01644897460938
2016-11-18,186.59800720214844
2016-11-21,188.00706481933594
2016-11-22,188.37429809570312
2016-11-23,188.476806640625
2016-11-25,189.17707824707031
2016-11-28,188.28890991210938
2016-11-29,188.65615844726562
2016-11-30,188.20346069335938
2016-12-01,187.51181030273438
2016-12-02,187.60575866699219
2016-12-05,188.73300170898438
2016-12-06,189.33079528808594
2016-12-07,191.80735778808594
2016-12-08,192.27703857421875
2016-12-09,193.43850708007812
2016-12-12,193.21641540527344
2016-12-13,194.50599670410156
2016-12-14,192.90046691894531
2016-12-15,193.69471740722656
2016-12-16,193.31587219238281
2016-12-19,193.73678588867188
2016-12-20,194.484130859375
2016-12-21,193.94297790527344
2016-12-22,193.60798645019531
2016-12-23,193.89144897460938
2016-12-27,194.37249755859375
2016-12-28,192.76609802246094
2016-12-29,192.72315979003906
2016-12-30,192.01873779296875
2017-01-03,193.48765563964844
2017-01-04,194.63876342773438
2017-01-05,194.484130859375
2017-01-06,195.17994689941406
2017-01-09,194.53573608398438
2017-01-10,194.53573608398438
2017-01-11,195.08546447753906
2017-01-12,194.59580993652344
2017-01-13,195.04255676269531
2017-01-17,194.35525512695312
2017-01-18,194.78485107421875
2017-01-19,194.063232421875
2017-01-20,194.77621459960938
2017-01-23,194.26933288574219
2017-01-24,195.5150146484375
2017-01-25,197.20729064941406
2017-01-26,197.0010986328125
2017-01-27,196.69184875488281
2017-01-30,195.47210693359375
2017-01-31,195.45486450195312
2017-02-01,195.5322265625
2017-02-02,195.6610107421875
2017-02-03,197.00968933105469
2017-02-06,196.65748596191406
2017-02-07,196.66607666015625
2017-02-08,196.92379760742188
2017-02-09,198.09208679199219
2017-02-10,198.873779296875
2017-02-13,199.95614624023438
2017-02-14,200.75508117675781
2017-02-15,201.80308532714844
2017-02-16,201.63125610351562
2017-02-17,201.94914245605469
2017-02-21,203.15177917480469
2017-02-22,202.97134399414062
2017-02-23,203.10882568359375
2017-02-24,203.36653137207031
2017-02-27,203.68435668945312
2017-02-28,203.13459777832031
2017-03-01,205.97793579101562
2017-03-02,204.68086242675781
2017-03-03,204.80966186523438
2017-03-06,204.19978332519531
2017-03-07,203.58985900878906
2017-03-08,203.21189880371094
2017-03-09,203.46957397460938
2017-03-10,204.1826171875
2017-03-13,204.28565979003906
2017-03-14,203.50393676757812
2017-03-15,205.26498413085938
2017-03-16,204.86122131347656
2017-03-17,204.50143432617188
2017-03-20,204.27711486816406
2017-03-21,201.65428161621094
2017-03-22,202.12887573242188
2017-03-23,201.91314697265625
2017-03-24,201.76646423339844
2017-03-27,201.55943298339844
2017-03-28,203.026123046875
2017-03-29,203.21589660644531
2017-03-30,203.86296081542969
2017-03-31,203.38850402832031
2017-04-03,203.03477478027344
2017-04-04,203.1641845703125
2017-04-05,202.56024169921875
2017-04-06,203.12960815429688
2017-04-07,202.92256164550781
2017-04-10,203.04338073730469
2017-04-11,202.80180358886719
2017-04-12,201.91314697265625
2017-04-13,200.60173034667969
2017-04-17,202.37899780273438
2017-04-18,201.77510070800781
2017-04-19,201.40411376953125
2017-04-20,203.04338073730469
2017-04-21,202.39625549316406
2017-04-24,204.62222290039062
2017-04-25,205.81285095214844
2017-04-26,205.68345642089844
2017-04-27,205.85597229003906
2017-04-28,205.40736389160156
2017-05-01,205.92498779296875
2017-05-02,206.00265502929688
2017-05-03,205.75247192382812
2017-05-04,205.99404907226562
2017-05-05,206.80506896972656
2017-05-08,206.77047729492188
2017-05-09,206.5806884765625
2017-05-10,206.95167541503906
2017-05-11,206.5289306640625
2017-05-12,206.18385314941406
2017-05-15,207.32270812988281
2017-05-16,207.13285827636719
2017-05-17,203.45750427246094
2017-05-18,204.27711486816406
2017-05-19,205.60581970214844
2017-05-22,206.64974975585938
2017-05-23,207.10697937011719
2017-05-24,207.59016418457031
2017-05-25,208.58233642578125
2017-05-26,208.53921508789062
2017-05-30,208.35798645019531
2017-05-31,208.30622863769531
2017-06-01,209.96272277832031
2017-06-02,210.66166687011719
2017-06-05,210.50627136230469
2017-06-06,209.83335876464844
2017-06-07,210.22157287597656
2017-06-08,210.32511901855469
2017-06-09,210.00592041015625
2017-06-12,209.96272277832031
2017-06-13,210.98942565917969
2017-06-14,210.72198486328125
2017-06-15,210.31643676757812
2017-06-16,210.36248779296875
2017-06-19,212.11373901367188
2017-06-20,210.68325805664062
2017-06-21,210.63121032714844
2017-06-22,210.53582763671875
2017-06-23,210.78729248046875
2017-06-26,210.92594909667969
2017-06-27,209.22671508789062
2017-06-28,211.09938049316406
2017-06-29,209.24404907226562
2017-06-30,209.63418579101562
2017-07-03,209.9896240234375
2017-07-05,210.47511291503906
2017-07-06,208.55043029785156
2017-07-07,209.90298461914062
2017-07-10,210.12835693359375
2017-07-11,209.9722900390625
2017-07-12,211.55018615722656
2017-07-13,211.90562438964844
2017-07-14,212.89402770996094
2017-07-17,212.86798095703125
2017-07-18,212.980712890625
2017-07-19,214.13377380371094
2017-07-20,214.22914123535156
2017-07-21,214.03840637207031
2017-07-24,213.98640441894531
2017-07-25,214.50657653808594
2017-07-26,214.51519775390625
2017-07-27,214.31582641601562
2017-07-28,214.06443786621094
2017-07-31,213.94303894042969
2017-08-01,214.41986083984375
2017-08-02,214.52388000488281
2017-08-03,214.1077880859375
2017-08-04,214.4979248046875
2017-08-07,214.896728515625
2017-08-08,214.36781311035156
2017-08-09,214.35917663574219
2017-08-10,211.33346557617188
2017-08-11,211.64553833007812
2017-08-14,213.74362182617188
2017-08-15,213.71760559082031
2017-08-16,214.09040832519531
2017-08-17,210.75262451171875
2017-08-18,210.42315673828125
2017-08-21,210.58786010742188
2017-08-22,212.78994750976562
2017-08-23,212.02703857421875
2017-08-24,211.53280639648438
2017-08-25,212.02703857421875
2017-08-28,212.03570556640625
2017-08-29,212.27853393554688
2017-08-30,213.28419494628906
2017-08-31,214.56729125976562
2017-09-01,214.87068176269531
2017-09-05,213.32748413085938
2017-09-06,214.05572509765625
2017-09-07,214.02972412109375
2017-09-08,213.77830505371094
2017-09-11,216.0584716796875
2017-09-12,216.78668212890625
2017-09-13,216.89071655273438
2017-09-14,216.82139587402344
2017-09-15,217.11331176757812
2017-09-18,217.57502746582031
2017-09-19,217.79283142089844
2017-09-20,217.87126159667969
2017-09-21,217.28753662109375
2017-09-22,217.3310546875
2017-09-25,216.88671875
2017-09-26,217.01744079589844
2017-09-27,217.862548828125
2017-09-28,218.12397766113281
2017-09-29,218.89071655273438
2017-10-02,219.84033203125
2017-10-03,220.31083679199219
2017-10-04,220.57225036621094
2017-10-05,221.87916564941406
2017-10-06,221.62646484375
2017-10-09,221.26052856445312
2017-10-10,221.84432983398438
2017-10-11,222.19284057617188
2017-10-12,221.86175537109375
2017-10-13,222.13186645507812
2017-10-16,222.42803955078125
2017-10-17,222.58485412597656
2017-10-18,222.80274963378906
2017-10-19,222.86372375488281
2017-10-20,224.0137939453125
2017-10-23,223.14248657226562
2017-10-24,223.53459167480469
2017-10-25,222.42803955078125
2017-10-26,222.71559143066406
2017-10-27,224.53652954101562
2017-10-30,223.70016479492188
2017-10-31,224.04864501953125
2017-11-01,224.34487915039062
2017-11-02,224.4320068359375
2017-11-03,225.18122863769531
2017-11-06,225.52986145019531
2017-11-07,225.37298583984375
2017-11-08,225.75630187988281
2017-11-09,224.93733215332031
2017-11-10,224.86759948730469
2017-11-13,225.07676696777344
2017-11-14,224.55401611328125
2017-11-15,223.43002319335938
2017-11-16,225.32943725585938
2017-11-17,224.66722106933594
2017-11-20,225.05056762695312
2017-11-21,226.52305603027344
2017-11-22,226.32267761230469
2017-11-24,226.845458984375
2017-11-27,226.732177734375
2017-11-28,229.03230285644531
2017-11-29,228.89292907714844
2017-11-30,230.8968505859375
2017-12-01,230.41770935058594
2017-12-04,230.1387939453125
2017-12-05,229.31111145019531
2017-12-06,229.35469055175781
2017-12-07,230.07791137695312
2017-12-08,231.33251953125
2017-12-11,232.02951049804688
2017-12-12,232.43902587890625
2017-12-13,232.41293334960938
2017-12-14,231.46322631835938
2017-12-15,233.39071655273438
2017-12-18,234.87060546875
2017-12-19,233.96868896484375
2017-12-20,233.84603881835938
2017-12-21,234.32768249511719
2017-12-22,234.26641845703125
2017-12-26,233.98612976074219
2017-12-27,234.10005187988281
2017-12-28,234.58171081542969
2017-12-29,233.69717407226562
2018-01-02,235.36976623535156
2018-01-03,236.85856628417969
2018-01-04,237.85688781738281
2018-01-05,239.44195556640625
2018-01-08,239.87986755371094
2018-01-09,240.42271423339844
2018-01-10,240.05503845214844
2018-01-11,241.80645751953125
2018-01-12,243.38278198242188
2018-01-16,242.55084228515625
2018-01-17,244.86270141601562
2018-01-18,244.45114135742188
2018-01-19,245.5633544921875
2018-01-22,247.55998229980469
2018-01-23,248.08549499511719
2018-01-24,247.9891357421875
2018-01-25,248.09419250488281
2018-01-26,250.96653747558594
2018-01-29,249.30270385742188
2018-01-30,246.74552917480469
2018-01-31,246.8681640625
2018-02-01,246.58795166015625
2018-02-02,241.2197265625
2018-02-05,231.13128662109375
2018-02-06,235.68507385253906
2018-02-07,234.40652465820312
2018-02-08,225.61421203613281
2018-02-09,229.00325012207031
2018-02-12,232.36602783203125
2018-02-13,232.944091796875
2018-02-14,236.08796691894531
2018-02-15,239.10043334960938
2018-02-16,239.17051696777344
2018-02-20,237.67295837402344
2018-02-21,236.49073791503906
2018-02-22,236.79728698730469
2018-02-23,240.57168579101562
2018-02-26,243.36526489257812
2018-02-27,240.32647705078125
2018-02-28,237.89195251464844
2018-03-01,234.43280029296875
2018-03-02,235.64134216308594
2018-03-05,238.36477661132812
2018-03-06,238.9691162109375
2018-03-07,238.88145446777344
2018-03-08,240.0374755859375
2018-03-09,244.21469116210938
2018-03-12,243.90817260742188
2018-03-13,242.33181762695312
2018-03-14,241.08831787109375
2018-03-15,240.82562255859375
2018-03-16,241.0867919921875
2018-03-19,237.82475280761719
2018-03-20,238.22927856445312
2018-03-21,237.77203369140625
2018-03-22,231.82841491699219
2018-03-23,226.8870849609375
2018-03-26,233.09449768066406
2018-03-27,229.129150390625
2018-03-28,228.45211791992188
2018-03-29,231.37118530273438
2018-04-02,226.37712097167969
2018-04-03,229.27862548828125
2018-04-04,231.73170471191406
2018-04-05,233.56051635742188
2018-04-06,228.35537719726562
2018-04-09,229.4808349609375
2018-04-10,233.12966918945312
2018-04-11,231.90756225585938
2018-04-12,233.81547546386719
2018-04-13,233.12966918945312
2018-04-16,235.04637145996094
2018-04-17,237.56101989746094
2018-04-18,237.73689270019531
2018-04-19,236.41799926757812
2018-04-20,234.41329956054688
2018-04-23,234.37818908691406
2018-04-24,231.22174072265625
2018-04-25,231.79322814941406
2018-04-26,234.14959716796875
2018-04-27,234.36944580078125
2018-04-30,232.56695556640625
2018-05-01,232.98019409179688
2018-05-02,231.4151611328125
2018-05-03,230.90518188476562
2018-05-04,233.89462280273438
2018-05-07,234.68592834472656
2018-05-08,234.68592834472656
2018-05-09,236.95431518554688
2018-05-10,239.17005920410156
2018-05-11,239.89974975585938
2018-05-14,240.0140380859375
2018-05-15,238.36112976074219
2018-05-16,239.36341857910156
2018-05-17,239.16127014160156
2018-05-18,238.56343078613281
2018-05-21,240.35697937011719
2018-05-22,239.68875122070312
2018-05-23,240.34819030761719
2018-05-24,239.85585021972656
2018-05-25,239.28427124023438
2018-05-29,236.53228759765625
2018-05-30,239.68875122070312
2018-05-31,238.22052001953125
2018-06-01,240.55921936035156
2018-06-04,241.70223999023438
2018-06-05,241.87806701660156
2018-06-06,243.90028381347656
2018-06-07,243.87399291992188
2018-06-08,244.59489440917969
2018-06-11,244.92021179199219
2018-06-12,245.23681640625
2018-06-13,244.45423889160156
2018-06-14,245.06974792480469
2018-06-15,244.757080078125
2018-06-18,244.25367736816406
2018-06-19,243.31745910644531
2018-06-20,243.73255920410156
2018-06-21,242.20460510253906
2018-06-22,242.646240234375
2018-06-25,239.34312438964844
2018-06-26,239.873046875
2018-06-27,237.88587951660156
2018-06-28,239.24604797363281
2018-06-29,239.59040832519531
2018-07-02,240.10269165039062
2018-07-03,239.25485229492188
2018-07-05,241.20664978027344
2018-07-06,243.24684143066406
2018-07-09,245.4371337890625
2018-07-10,246.32029724121094
2018-07-11,244.51858520507812
2018-07-12,246.73538208007812
2018-07-13,246.92967224121094
2018-07-16,246.70887756347656
2018-07-17,247.7069091796875
2018-07-18,248.22796630859375
2018-07-19,247.29176330566406
2018-07-20,247.00914001464844
2018-07-23,247.46842956542969
2018-07-24,248.71372985839844
2018-07-25,250.83335876464844
2018-07-26,250.24168395996094
2018-07-27,248.54591369628906
2018-07-30,247.2476806640625
2018-07-31,248.46641540527344
2018-08-01,248.05133056640625
2018-08-02,249.40266418457031
2018-08-03,250.47125244140625
2018-08-06,251.3897705078125
2018-08-07,252.21994018554688
2018-08-08,252.11390686035156
2018-08-09,251.76953125
2018-08-10,250.08262634277344
2018-08-13,249.146484375
2018-08-14,250.7362060546875
2018-08-15,248.86387634277344
2018-08-16,250.87757873535156
2018-08-17,251.7607421875
2018-08-20,252.29953002929688
2018-08-21,252.89120483398438
2018-08-22,252.74105834960938
2018-08-23,252.40541076660156
2018-08-24,253.924560546875
2018-08-27,255.92945861816406
2018-08-28,256.05303955078125
2018-08-29,257.43081665039062
2018-08-30,256.38864135742188
2018-08-31,256.39736938476562
2018-09-04,255.95582580566406
2018-09-05,255.26692199707031
2018-09-06,254.49861145019531
2018-09-07,254.0040283203125
2018-09-10,254.445556640625
2018-09-11,255.28459167480469
2018-09-12,255.34648132324219
2018-09-13,256.85662841796875
2018-09-14,256.90081787109375
2018-09-17,255.54080200195312
2018-09-18,256.9273681640625
2018-09-19,257.20108032226562
2018-09-20,259.28549194335938
2018-09-21,259.048583984375
2018-09-24,258.18795776367188
2018-09-25,257.948486328125
2018-09-26,257.17657470703125
2018-09-27,257.89520263671875
2018-09-28,257.92190551757812
2018-10-01,258.81790161132812
2018-10-02,258.66705322265625
2018-10-03,258.80908203125
2018-10-04,256.78622436523438
2018-10-05,255.34901428222656
2018-10-08,255.34901428222656
2018-10-09,254.97642517089844
2018-10-10,246.90303039550781
2018-10-11,241.46458435058594
2018-10-12,244.81817626953125
2018-10-15,243.44309997558594
2018-10-16,248.76612854003906
2018-10-17,248.81053161621094
2018-10-18,245.21733093261719
2018-10-19,245.08432006835938
2018-10-22,243.98414611816406
2018-10-23,242.74211120605469
2018-10-24,235.38742065429688
2018-10-25,239.61033630371094
2018-10-26,235.396240234375
2018-10-29,234.09207153320312
2018-10-30,237.56101989746094
2018-10-31,240.09837341308594
2018-11-01,242.65341186523438
2018-11-02,241.21615600585938
2018-11-05,242.54696655273438
2018-11-06,244.08180236816406
2018-11-07,249.30732727050781
2018-11-08,248.85475158691406
2018-11-09,246.4239501953125
2018-11-12,241.81947326660156
2018-11-13,241.36697387695312
2018-11-14,239.71687316894531
2018-11-15,242.21868896484375
2018-11-16,242.84860229492188
2018-11-19,238.74095153808594
2018-11-20,234.32272338867188
2018-11-21,235.1212158203125
2018-11-23,233.55094909667969
2018-11-26,237.32144165039062
2018-11-27,238.11991882324219
2018-11-28,243.60269165039062
2018-11-29,243.07040405273438
2018-11-30,244.552001953125
2018-12-03,247.79029846191406
2018-12-04,239.76116943359375
2018-12-06,239.39743041992188
2018-12-07,233.8348388671875
2018-12-10,234.2784423828125
2018-12-11,234.33163452148438
2018-12-12,235.51155090332031
2018-12-13,235.43174743652344
2018-12-14,231.08456420898438
2018-12-17,226.55107116699219
2018-12-18,226.30259704589844
2018-12-19,222.91360473632812
2018-12-20,219.28497314453125
2018-12-21,214.79196166992188
2018-12-24,209.11653137207031
2018-12-26,219.68215942382812
2018-12-27,221.36869812011719
2018-12-28,221.08314514160156
2018-12-31,223.01956176757812
2019-01-02,223.25157165527344
2019-01-03,217.9241943359375
2019-01-04,225.22369384765625
2019-01-07,226.99951171875
2019-01-08,229.13223266601562
2019-01-09,230.20307922363281
2019-01-10,231.01516723632812
2019-01-11,231.1043701171875
2019-01-14,229.69447326660156
2019-01-15,232.32695007324219
2019-01-16,232.88908386230469
2019-01-17,234.65603637695312
2019-01-18,237.77922058105469
2019-01-22,234.56671142578125
2019-01-23,235.05755615234375
2019-01-24,235.18246459960938
2019-01-25,237.17250061035156
2019-01-28,235.36985778808594
2019-01-29,235.05755615234375
2019-01-30,238.77870178222656
2019-01-31,240.87577819824219
2019-02-01,240.99179077148438
2019-02-04,242.68719482421875
2019-02-05,243.70458984375
2019-02-06,243.38331604003906
2019-02-07,241.06317138671875
2019-02-08,241.357666015625
2019-02-11,241.49150085449219
2019-02-12,244.59690856933594
2019-02-13,245.39109802246094
2019-02-14,244.8468017578125
2019-02-15,247.51487731933594
2019-02-19,247.94326782226562
2019-02-20,248.44300842285156
2019-02-21,247.55953979492188
2019-02-22,249.09445190429688
2019-02-25,249.4334716796875
2019-02-26,249.255126953125
2019-02-27,249.14799499511719
2019-02-28,248.68388366699219
2019-03-01,250.23667907714844
2019-03-04,249.32647705078125
2019-03-05,248.98733520507812
2019-03-06,247.47923278808594
2019-03-07,245.40895080566406
2019-03-08,244.91816711425781
2019-03-11,248.46974182128906
2019-03-12,249.40678405761719
2019-03-13,251.05754089355469
2019-03-14,250.89697265625
2019-03-15,252.13653564453125
2019-03-18,253.05073547363281
2019-03-19,253.11357116699219
2019-03-20,252.35166931152344
2019-03-21,255.20187377929688
2019-03-22,250.2901611328125
2019-03-25,250.10202026367188
2019-03-26,251.96627807617188
2019-03-27,250.64874267578125
2019-03-28,251.59872436523438
2019-03-29,253.18527221679688
2019-04-01,256.18789672851562
2019-04-02,256.31332397460938
2019-04-03,256.71673583984375
2019-04-04,257.3978271484375
2019-04-05,258.6436767578125
2019-04-08,258.84078979492188
2019-04-09,257.51431274414062
2019-04-10,258.39276123046875
2019-04-11,258.321044921875
2019-04-12,260.06884765625
2019-04-15,259.8985595703125
2019-04-16,260.06884765625
2019-04-17,259.432373046875
2019-04-18,259.94332885742188
2019-04-22,260.1673583984375
2019-04-23,262.50665283203125
2019-04-24,261.92410278320312
2019-04-25,261.76278686523438
2019-04-26,262.98178100585938
2019-04-29,263.39401245117188
2019-04-30,263.52847290039062
2019-05-01,261.5477294921875
2019-05-02,260.98306274414062
2019-05-03,263.5374755859375
2019-05-06,262.45297241210938
2019-05-07,258.0699462890625
2019-05-08,257.71151733398438
2019-05-09,256.9317626953125
2019-05-10,258.22244262695312
2019-05-13,251.73321533203125
2019-05-14,254.00985717773438
2019-05-15,255.4976806640625
2019-05-16,257.86392211914062
2019-05-17,256.19677734375
2019-05-20,254.50285339355469
2019-05-21,256.79733276367188
2019-05-22,256.00857543945312
2019-05-23,252.88052368164062
2019-05-24,253.45417785644531
2019-05-28,251.09683227539062
2019-05-29,249.411865234375
2019-05-30,250.09307861328125
2019-05-31,246.72294616699219
2019-06-03,246.09562683105469
2019-06-04,251.43742370605469
2019-06-05,253.61540222167969
2019-06-06,255.26460266113281
2019-06-07,257.81903076171875
2019-06-10,259.00222778320312
2019-06-11,258.93942260742188
2019-06-12,258.48236083984375
2019-06-13,259.54898071289062
2019-06-14,259.26214599609375
2019-06-17,259.36068725585938
2019-06-18,262.07656860351562
2019-06-19,262.6680908203125
2019-06-20,265.1776123046875
2019-06-21,264.79217529296875
2019-06-24,264.46798706054688
2019-06-25,261.8741455078125
2019-06-26,261.61297607421875
2019-06-27,262.54055786132812
2019-06-28,263.8914794921875
2019-07-01,266.28729248046875
2019-07-02,266.98074340820312
2019-07-03,269.1153564453125
2019-07-05,268.80905151367188
2019-07-08,267.33206176757812
2019-07-09,267.66531372070312
2019-07-10,268.9442138671875
2019-07-11,269.57464599609375
2019-07-12,270.7816162109375
2019-07-15,270.87161254882812
2019-07-16,269.99801635742188
2019-07-17,268.16058349609375
2019-07-18,269.14230346679688
2019-07-19,267.6473388671875
2019-07-22,268.30474853515625
2019-07-23,270.22314453125
2019-07-24,271.49313354492188
2019-07-25,270.1961669921875
2019-07-26,272.00650024414062
2019-07-29,271.51107788085938
2019-07-30,270.84466552734375
2019-07-31,267.8814697265625
2019-08-01,265.5487060546875
2019-08-02,263.54931640625
2019-08-05,255.62350463867188
2019-08-06,259.2081298828125
2019-08-07,259.36123657226562
2019-08-08,264.449951171875
2019-08-09,262.64865112304688
2019-08-12,259.45132446289062
2019-08-13,263.486328125
2019-08-14,255.69561767578125
2019-08-15,256.37109375
2019-08-16,260.15380859375
2019-08-19,263.28814697265625
2019-08-20,261.27059936523438
2019-08-21,263.39627075195312
2019-08-22,263.31512451171875
2019-08-23,256.55117797851562
2019-08-26,259.38824462890625
2019-08-27,258.37051391601562
2019-08-28,260.18984985351562
2019-08-29,263.51324462890625
2019-08-30,263.39627075195312
2019-09-03,261.85604858398438
2019-09-04,264.82827758789062
2019-09-05,268.23263549804688
2019-09-06,268.4398193359375
2019-09-09,268.57489013671875
2019-09-10,268.51190185546875
2019-09-11,270.4212646484375
2019-09-12,271.35797119140625
2019-09-13,271.1778564453125
2019-09-16,270.3402099609375
2019-09-17,271.0247802734375
2019-09-18,271.18685913085938
2019-09-19,271.16879272460938
2019-09-20,269.88766479492188
2019-09-23,269.82421875
2019-09-24,267.70703125
2019-09-25,269.29043579101562
2019-09-26,268.7294921875
2019-09-27,267.28173828125
2019-09-30,268.5213623046875
2019-10-01,265.32723999023438
2019-10-02,260.64047241210938
2019-10-03,262.7757568359375
2019-10-04,266.3316650390625
2019-10-07,265.18255615234375
2019-10-08,261.06558227539062
2019-10-09,263.5447998046875
2019-10-10,265.32723999023438
2019-10-11,268.07794189453125
2019-10-14,267.77944946289062
2019-10-15,270.43048095703125
2019-10-16,269.99612426757812
2019-10-17,270.79238891601562
2019-10-18,269.607177734375
2019-10-21,271.43484497070312
2019-10-22,270.54812622070312
2019-10-23,271.33526611328125
2019-10-24,271.77865600585938
2019-10-25,272.89154052734375
2019-10-28,274.42977905273438
2019-10-29,274.34832763671875
2019-10-30,275.1898193359375
2019-10-31,274.45693969726562
2019-11-01,276.99945068359375
2019-11-04,278.1123046875
2019-11-05,277.8046875
2019-11-06,277.8680419921875
2019-11-07,278.84524536132812
2019-11-08,279.53289794921875
2019-11-11,278.9990234375
2019-11-12,279.587158203125
2019-11-13,279.677734375
2019-11-14,280.08474731445312
2019-11-15,282.11160278320312
2019-11-18,282.31967163085938
2019-11-19,282.23837280273438
2019-11-20,281.18869018554688
2019-11-21,280.736328125
2019-11-22,281.36065673828125
2019-11-25,283.54129028320312
2019-11-26,284.18362426757812
2019-11-27,285.45040893554688
2019-11-29,284.39169311523438
2019-12-02,281.97598266601562
2019-12-03,280.08474731445312
2019-12-04,281.81298828125
2019-12-05,282.31967163085938
2019-12-06,284.8984375
2019-12-09,284.00274658203125
2019-12-10,283.68600463867188
2019-12-11,284.4913330078125
2019-12-12,286.94332885742188
2019-12-13,287.11529541015625
2019-12-16,289.08770751953125
2019-12-17,289.15106201171875
2019-12-18,289.16915893554688
2019-12-19,290.3544921875
2019-12-20,291.62741088867188
2019-12-23,292.07290649414062
2019-12-24,292.08206176757812
2019-12-26,293.63687133789062
2019-12-27,293.5640869140625
2019-12-30,291.94561767578125
2019-12-31,292.65484619140625
2020-01-02,295.391845703125
2020-01-03,293.155029296875
2020-01-06,294.27349853515625
2020-01-07,293.4459228515625
2020-01-08,295.0098876953125
2020-01-09,297.01019287109375
2020-01-10,296.15554809570312
2020-01-13,298.19229125976562
2020-01-14,297.7376708984375
2020-01-15,298.41049194335938
2020-01-16,300.89285278320312
2020-01-17,301.829345703125
2020-01-21,301.23828125
2020-01-22,301.27468872070312
2020-01-23,301.62017822265625
2020-01-24,298.9378662109375
2020-01-27,294.14605712890625
2020-01-28,297.228515625
2020-01-29,296.98300170898438
2020-01-30,297.94680786132812
2020-01-31,292.53662109375
2020-02-03,294.70977783203125
2020-02-04,299.20147705078125
2020-02-05,302.65670776367188
2020-02-06,303.6751708984375
2020-02-07,302.056640625
2020-02-10,304.31167602539062
2020-02-11,304.83905029296875
2020-02-12,306.80303955078125
2020-02-13,306.47567749023438
2020-02-14,306.96670532226562
2020-02-18,306.17559814453125
2020-02-19,307.63949584960938
2020-02-20,306.37564086914062
2020-02-21,303.22052001953125
2020-02-24,293.16409301757812
2020-02-25,284.28057861328125
2020-02-26,283.23495483398438
2020-02-27,270.514404296875
2020-02-28,269.37777709960938
2020-03-02,281.04364013671875
2020-03-03,272.9967041015625
2020-03-04,284.47152709960938
2020-03-05,275.01516723632812
2020-03-06,270.46890258789062
2020-03-09,249.34678649902344
2020-03-10,262.24923706054688
2020-03-11,249.46493530273438
2020-03-12,225.59689331054688
2020-03-13,244.88233947753906
2020-03-16,218.08634948730469
2020-03-17,229.861328125
2020-03-18,218.22276306152344
2020-03-19,218.68646240234375
2020-03-20,209.26237487792969
2020-03-23,203.91184997558594
2020-03-24,222.38699340820312
2020-03-25,225.71609497070312
2020-03-26,238.89567565917969
2020-03-27,231.78005981445312
2020-03-30,239.3072509765625
2020-03-31,235.74028015136719
2020-04-01,225.13078308105469
2020-04-02,230.3258056640625
2020-04-03,226.99662780761719
2020-04-06,242.24317932128906
2020-04-07,242.49012756347656
2020-04-08,250.6300048828125
2020-04-09,254.44400024414062
2020-04-13,252.12086486816406
2020-04-14,259.55667114257812
2020-04-15,254.04151916503906
2020-04-16,255.26713562011719
2020-04-17,262.163330078125
2020-04-20,257.54452514648438
2020-04-21,249.724609375
2020-04-22,255.26713562011719
2020-04-23,255.24884033203125
2020-04-24,258.80657958984375
2020-04-27,262.53823852539062
2020-04-28,261.33099365234375
2020-04-29,268.17227172851562
2020-04-30,265.67538452148438
2020-05-01,258.64215087890625
2020-05-04,259.35546875
2020-05-05,261.751708984375
2020-05-06,259.97732543945312
2020-05-07,263.11444091796875
2020-05-08,267.46804809570312
2020-05-11,267.52291870117188
2020-05-12,262.19076538085938
2020-05-13,257.55374145507812
2020-05-14,260.63592529296875
2020-05-15,261.83401489257812
2020-05-18,269.8094482421875
2020-05-19,267.03811645507812
2020-05-20,271.57455444335938
2020-05-21,269.69964599609375
2020-05-22,270.2119140625
2020-05-26,273.54098510742188
2020-05-27,277.61102294921875
2020-05-28,277.09881591796875
2020-05-29,278.33358764648438
2020-06-01,279.45852661132812
2020-06-02,281.77249145507812
2020-06-03,285.52236938476562
2020-06-04,284.77236938476562
2020-06-05,292.07098388671875
2020-06-08,295.60134887695312
2020-06-09,293.39718627929688
2020-06-10,291.76004028320312
2020-06-11,274.94033813476562
2020-06-12,278.23297119140625
2020-06-15,280.83038330078125
2020-06-16,286.23580932617188
2020-06-17,285.0467529296875
2020-06-18,285.15655517578125
2020-06-19,283.52694702148438
2020-06-22,285.3458251953125
2020-06-23,286.65933227539062
2020-06-24,279.34713745117188
2020-06-25,282.34182739257812
2020-06-26,275.63589477539062
2020-06-29,279.68695068359375
2020-06-30,283.26968383789062
2020-07-01,285.25393676757812
2020-07-02,286.8248291015625
2020-07-06,291.25259399414062
2020-07-07,288.24868774414062
2020-07-08,290.45333862304688
2020-07-09,288.79983520507812
2020-07-10,291.7486572265625
2020-07-13,289.22244262695312
2020-07-14,292.970458984375
2020-07-15,295.6619873046875
2020-07-16,294.68829345703125
2020-07-17,295.54254150390625
2020-07-20,297.93109130859375
2020-07-21,298.56491088867188
2020-07-22,300.26434326171875
2020-07-23,296.681640625
2020-07-24,294.77099609375
2020-07-27,296.92059326171875
2020-07-28,295.037353515625
2020-07-29,298.66595458984375
2020-07-30,297.60031127929688
2020-07-31,299.95205688476562
2020-08-03,302.03744506835938
2020-08-04,303.20401000976562
2020-08-05,305.087158203125
2020-08-06,307.12649536132812
2020-08-07,307.34707641601562
2020-08-10,308.26565551757812
2020-08-11,305.72103881835938
2020-08-12,309.98345947265625
2020-08-13,309.42315673828125
2020-08-14,309.43234252929688
2020-08-17,310.41522216796875
2020-08-18,311.08587646484375
2020-08-19,309.79058837890625
2020-08-20,310.75521850585938
2020-08-21,311.8575439453125
2020-08-24,315.01763916015625
2020-08-25,316.11993408203125
2020-08-26,319.289306640625
2020-08-27,319.9874267578125
2020-08-28,322.05435180664062
2020-08-31,320.88772583007812
2020-09-01,323.91000366210938
2020-09-02,328.59503173828125
2020-09-03,317.28656005859375
2020-09-04,314.69613647460938
2020-09-08,306.09768676757812
2020-09-09,312.14227294921875
2020-09-10,306.72235107421875
2020-09-11,306.87857055664062
2020-09-14,310.92059326171875
2020-09-15,312.49142456054688
2020-09-16,311.25119018554688
2020-09-17,308.51373291015625
2020-09-18,304.96194458007812
2020-09-21,301.56771850585938
2020-09-22,304.6390380859375
2020-09-23,297.57421875
2020-09-24,298.36737060546875
2020-09-25,303.19107055664062
2020-09-28,308.22683715820312
2020-09-29,306.5482177734375
2020-09-30,308.87246704101562
2020-10-01,310.85543823242188
2020-10-02,307.90402221679688
2020-10-05,313.36404418945312
2020-10-06,308.90933227539062
2020-10-07,314.28646850585938
2020-10-08,317.07180786132812
2020-10-09,319.90328979492188
2020-10-12,325.04983520507812
2020-10-13,322.92849731445312
2020-10-14,320.89944458007812
2020-10-15,320.50286865234375
2020-10-16,320.30917358398438
2020-10-19,315.43936157226562
2020-10-20,316.702880859375
2020-10-21,316.10342407226562
2020-10-22,317.83737182617188
2020-10-23,318.91641235351562
2020-10-26,313.02297973632812
2020-10-27,311.94381713867188
2020-10-28,301.2818603515625
2020-10-29,304.34396362304688
2020-10-30,301.17120361328125
2020-11-02,304.54681396484375
2020-11-03,309.92391967773438
2020-11-04,316.8504638671875
2020-11-05,323.0299072265625
2020-11-06,322.9561767578125
2020-11-09,327.01422119140625
2020-11-10,326.53472900390625
2020-11-11,328.96038818359375
2020-11-12,325.76925659179688
2020-11-13,330.27920532226562
2020-11-16,334.40203857421875
2020-11-17,332.603515625
2020-11-18,328.6007080078125
2020-11-19,329.984130859375
2020-11-20,327.72451782226562
2020-11-23,329.68902587890625
2020-11-24,335.0015869140625
2020-11-25,334.48501586914062
2020-11-27,335.41656494140625
2020-11-30,333.931640625
2020-12-01,337.583984375
2020-12-02,338.294189453125
2020-12-03,338.201904296875
2020-12-04,341.11642456054688
2020-12-07,340.41549682617188
2020-12-08,341.41159057617188
2020-12-09,338.3494873046875
2020-12-10,338.23886108398438
2020-12-11,337.84222412109375
2020-12-14,336.3297119140625
2020-12-15,340.87661743164062
2020-12-16,341.41159057617188
2020-12-17,343.32070922851562
2020-12-18,341.949951171875
2020-12-21,340.72738647460938
2020-12-22,340.15301513671875
2020-12-23,340.458740234375
2020-12-24,341.78323364257812
2020-12-28,344.71942138671875
2020-12-29,344.06170654296875
2020-12-30,344.55264282226562
2020-12-31,346.30328369140625
2021-01-04,341.58868408203125
2021-01-05,343.94131469726562
2021-01-06,345.99758911132812
2021-01-07,351.13827514648438
2021-01-08,353.138916015625
2021-01-11,350.75848388671875
2021-01-12,350.8326416015625
2021-01-13,351.77734375
2021-01-14,350.54544067382812
2021-01-15,347.989013671875
2021-01-19,350.72137451171875
2021-01-20,355.57501220703125
2021-01-21,355.89920043945312
2021-01-22,354.639404296875
2021-01-25,356.03805541992188
2021-01-26,355.48236083984375
2021-01-27,346.794189453125
2021-01-28,349.77667236328125
2021-01-29,342.77423095703125
2021-02-01,348.47988891601562
2021-02-02,353.40753173828125
2021-02-03,353.68545532226562
2021-02-04,357.70535278320312
2021-02-05,359.11312866210938
2021-02-08,361.70663452148438
2021-02-09,361.46588134765625
2021-02-10,361.30838012695312
2021-02-11,361.89190673828125
2021-02-12,363.6795654296875
2021-02-16,363.36459350585938
2021-02-17,363.44805908203125
2021-02-18,361.90121459960938
2021-02-19,361.2620849609375
2021-02-22,358.4832763671875
2021-02-23,358.91864013671875
2021-02-24,362.87380981445312
2021-02-25,354.13003540039062
2021-02-26,352.30535888671875
2021-03-01,360.84521484375
2021-03-02,358.02947998046875
2021-03-03,353.28720092773438
2021-03-04,348.91525268554688
2021-03-05,355.3341064453125
2021-03-08,353.5650634765625
2021-03-09,358.61297607421875
2021-03-10,360.84521484375
2021-03-11,364.50390625
2021-03-12,364.99484252929688
2021-03-15,367.17144775390625
2021-03-16,366.70834350585938
2021-03-17,367.958740234375
2021-03-18,362.60516357421875
2021-03-19,361.9342041015625
2021-03-22,364.82421875
2021-03-23,361.9527587890625
2021-03-24,360.11288452148438
2021-03-25,362.138671875
2021-03-26,367.97439575195312
2021-03-29,367.78866577148438
2021-03-30,366.81295776367188
2021-03-31,368.29965209960938
2021-04-01,372.27700805664062
2021-04-05,377.62030029296875
2021-04-06,377.39736938476562
2021-04-07,377.83413696289062
2021-04-08,379.62762451171875
2021-04-09,382.3875732421875
2021-04-12,382.52688598632812
2021-04-13,383.66070556640625
2021-04-14,382.35037231445312
2021-04-15,386.457763671875
2021-04-16,387.74948120117188
2021-04-19,385.84442138671875
2021-04-20,383.01950073242188
2021-04-21,386.64364624023438
2021-04-22,383.11239624023438
2021-04-23,387.2662353515625
2021-04-26,388.07467651367188
2021-04-27,387.99099731445312
2021-04-28,387.87957763671875
2021-04-29,390.35140991210938
2021-04-30,387.78656005859375
2021-05-03,388.62298583984375
2021-05-04,386.22537231445312
2021-05-05,386.3463134765625
2021-05-06,389.4315185546875
2021-05-07,392.2657470703125
2021-05-10,388.38134765625
2021-05-11,384.9151611328125
2021-05-12,376.73757934570312
2021-05-13,381.26309204101562
2021-05-14,387.1175537109375
2021-05-17,386.13250732421875
2021-05-18,382.8056640625
2021-05-19,381.80218505859375
2021-05-20,385.90951538085938
2021-05-21,385.59359741210938
2021-05-24,389.52432250976562
2021-05-25,388.66009521484375
2021-05-26,389.4315185546875
2021-05-27,389.635986328125
2021-05-28,390.33285522460938
2021-06-01,389.989013671875
2021-06-02,390.60223388671875
2021-06-03,389.15264892578125
2021-06-04,392.71182250976562
2021-06-07,392.330810546875
2021-06-08,392.4144287109375
2021-06-09,391.82904052734375
2021-06-10,393.65032958984375
2021-06-11,394.30084228515625
2021-06-14,395.18374633789062
2021-06-15,394.45883178710938
2021-06-16,392.2564697265625
2021-06-17,392.12628173828125
2021-06-18,386.83639526367188
2021-06-21,392.37432861328125
2021-06-22,394.4720458984375
2021-06-23,393.99661254882812
2021-06-24,396.3272705078125
2021-06-25,397.73519897460938
2021-06-28,398.53695678710938
2021-06-29,398.75140380859375
2021-06-30,399.08700561523438
2021-07-01,401.296630859375
2021-07-02,404.36392211914062
2021-07-06,403.62734985351562
2021-07-07,405.05374145507812
2021-07-08,401.75347900390625
2021-07-09,406.0421142578125
2021-07-12,407.49655151367188
2021-07-13,406.10733032226562
2021-07-14,406.71337890625
2021-07-15,405.32424926757812
2021-07-16,402.14495849609375
2021-07-19,396.20614624023438
2021-07-20,401.8839111328125
2021-07-21,405.13778686523438
2021-07-22,405.98614501953125
2021-07-23,410.16290283203125
2021-07-26,411.16986083984375
2021-07-27,409.29580688476562
2021-07-28,409.12808227539062
2021-07-29,410.82489013671875
2021-07-30,408.82977294921875
2021-08-02,407.971923828125
2021-08-03,411.291015625
2021-08-04,409.26788330078125
2021-08-05,411.85971069335938
2021-08-06,412.54025268554688
2021-08-09,412.20474243164062
2021-08-10,412.71746826171875
2021-08-11,413.74298095703125
2021-08-12,414.98294067382812
2021-08-13,415.73828125
2021-08-16,416.71710205078125
2021-08-17,413.98544311523438
2021-08-18,409.45437622070312
2021-08-19,410.08837890625
2021-08-20,413.35140991210938
2021-08-23,416.98745727539062
2021-08-24,417.64938354492188
2021-08-25,418.52584838867188
2021-08-26,416.05520629882812
2021-08-27,419.77511596679688
2021-08-30,421.62115478515625
2021-08-31,420.99639892578125
2021-09-01,421.22021484375
2021-09-02,422.51614379882812
2021-09-03,422.41354370117188
2021-09-07,420.90322875976562
2021-09-08,420.39044189453125
2021-09-09,418.59109497070312
2021-09-10,415.29058837890625
2021-09-13,416.353515625
2021-09-14,414.10665893554688
2021-09-15,417.56558227539062
2021-09-16,416.90362548828125
2021-09-17,412.84243774414062
2021-09-20,405.95870971679688
2021-09-21,405.57528686523438
2021-09-22,409.53158569335938
2021-09-23,414.50738525390625
2021-09-24,415.19021606445312
2021-09-27,414.0023193359375
2021-09-28,405.65936279296875
2021-09-29,406.34213256835938
2021-09-30,401.37570190429688
2021-10-01,406.14572143554688
2021-10-04,400.90805053710938
2021-10-05,405.07943725585938
2021-10-06,406.7630615234375
2021-10-07,410.27972412109375
2021-10-08,409.53158569335938
2021-10-11,406.566650390625
2021-10-12,405.56585693359375
2021-10-13,407.02487182617188
2021-10-14,413.87136840820312
2021-10-15,417.02322387695312
2021-10-18,418.25787353515625
2021-10-19,421.4847412109375
2021-10-20,423.14019775390625
2021-10-21,424.24383544921875
2021-10-22,423.80429077148438
2021-10-25,426.07705688476562
2021-10-26,426.46041870117188
2021-10-27,424.5711669921875
2021-10-28,428.66778564453125
2021-10-29,429.53756713867188
2021-11-01,430.27658081054688
2021-11-02,432.01614379882812
2021-11-03,434.65374755859375
2021-11-04,436.70208740234375
2021-11-05,438.21728515625
2021-11-08,438.59130859375
2021-11-09,437.1416015625
2021-11-10,433.62496948242188
2021-11-11,433.76516723632812
2021-11-12,437.03872680664062
2021-11-15,437.18844604492188
2021-11-16,438.91867065429688
2021-11-17,437.85256958007812
2021-11-18,439.33966064453125
2021-11-19,438.55401611328125
2021-11-22,437.3193359375
2021-11-23,437.89932250976562
2021-11-24,439.06832885742188
2021-11-26,429.2757568359375
2021-11-29,434.54156494140625
2021-11-30,426.08639526367188
2021-12-01,421.353759765625
2021-12-02,427.80728149414062
2021-12-03,424.0848388671875
2021-12-06,429.10745239257812
2021-12-07,437.98345947265625
2021-12-08,439.14321899414062
2021-12-09,436.17825317382812
2021-12-10,440.28427124023438
2021-12-13,436.38409423828125
2021-12-14,433.3817138671875
2021-12-15,440.15335083007812
2021-12-16,436.271728515625
2021-12-17,431.62860107421875
2021-12-20,427.0389404296875
2021-12-21,434.62271118164062
2021-12-22,438.96844482421875
2021-12-23,441.69970703125
2021-12-27,447.95062255859375
2021-12-28,447.58462524414062
2021-12-29,448.15725708007812
2021-12-30,446.91818237304688
2021-12-31,445.79193115234375
2022-01-03,448.37307739257812
2022-01-04,448.22283935546875
2022-01-05,439.61599731445312
2022-01-06,439.20297241210938
2022-01-07,437.4666748046875
2022-01-10,436.92227172851562
2022-01-11,440.90191650390625
2022-01-12,442.09390258789062
2022-01-13,436.00247192382812
2022-01-14,436.1807861328125
2022-01-18,428.4561767578125
2022-01-19,424.00729370117188
2022-01-20,419.31427001953125
2022-01-21,411.08294677734375
2022-01-24,412.82867431640625
2022-01-25,407.7884521484375
2022-01-26,406.76535034179688
2022-01-27,404.75686645507812
2022-01-28,414.80908203125
2022-01-31,422.28030395507812
2022-02-01,425.13360595703125
2022-02-02,429.26333618164062
2022-02-03,419.173583984375
2022-02-04,421.1446533203125
2022-02-07,419.79302978515625
2022-02-08,423.24703979492188
2022-02-09,429.4417724609375
2022-02-10,421.72659301757812
2022-02-11,413.41058349609375
2022-02-14,412.05905151367188
2022-02-15,418.70428466796875
2022-02-16,419.173583984375
2022-02-17,410.21945190429688
2022-02-18,407.56332397460938
2022-02-22,403.18948364257812
2022-02-23,396.03744506835938
2022-02-24,401.9974365234375
2022-02-25,410.8670654296875
2022-02-28,409.81582641601562
2022-03-01,403.57424926757812
2022-03-02,410.99847412109375
2022-03-03,408.95230102539062
2022-03-04,405.62973022460938
2022-03-07,393.672119140625
2022-03-08,390.68740844726562
2022-03-09,401.16207885742188
2022-03-10,399.35052490234375
2022-03-11,394.2728271484375
2022-03-14,391.39141845703125
2022-03-15,399.99822998046875
2022-03-16,408.86785888671875
2022-03-17,413.98321533203125
2022-03-18,418.5174560546875
2022-03-21,418.39501953125
2022-03-22,423.2908935546875
2022-03-23,417.83956909179688
2022-03-24,424.13818359375
2022-03-25,426.2095947265625
2022-03-28,429.24114990234375
2022-03-29,434.55130004882812
2022-03-30,431.86798095703125
2022-03-31,425.22091674804688
2022-04-01,426.42608642578125
2022-04-04,430.07907104492188
2022-04-05,424.64663696289062
2022-04-06,420.40054321289062
2022-04-07,422.51885986328125
2022-04-08,421.38906860351562
2022-04-11,414.18649291992188
2022-04-12,412.65188598632812
2022-04-13,417.37826538085938
2022-04-14,412.18115234375
2022-04-18,412.35067749023438
2022-04-19,419.007080078125
2022-04-20,418.69635009765625
2022-04-21,412.43533325195312
2022-04-22,401.11846923828125
2022-04-25,403.4439697265625
2022-04-26,391.75991821289062
2022-04-27,392.86151123046875
2022-04-28,402.78494262695312
2022-04-29,387.89968872070312
2022-05-02,390.23471069335938
2022-05-03,392.02349853515625
2022-05-04,403.96182250976562
2022-05-05,389.60379028320312
2022-05-06,387.27838134765625
2022-05-09,374.87872314453125
2022-05-10,375.744873046875
2022-05-11,369.77581787109375
2022-05-12,369.3897705078125
2022-05-13,378.22103881835938
2022-05-16,376.6864013671875
2022-05-17,384.43496704101562
2022-05-18,368.93780517578125
2022-05-19,366.67819213867188
2022-05-20,366.83828735351562
2022-05-23,373.70187377929688
2022-05-24,370.84918212890625
2022-05-25,374.1256103515625
2022-05-26,381.60107421875
2022-05-27,390.96908569335938
2022-05-31,388.77523803710938
2022-06-01,385.63076782226562
2022-06-02,392.9744873046875
2022-06-03,386.52517700195312
2022-06-06,387.7020263671875
2022-06-07,391.42092895507812
2022-06-08,387.16537475585938
2022-06-09,377.95742797851562
2022-06-10,366.99835205078125
2022-06-13,353.0640869140625
2022-06-14,352.00018310546875
2022-06-15,357.01837158203125
2022-06-16,345.20254516601562
2022-06-17,345.94671630859375
2022-06-21,354.65545654296875
2022-06-22,354.01242065429688
2022-06-23,357.482666015625
2022-06-24,368.84841918945312
2022-06-27,367.43951416015625
2022-06-28,359.93170166015625
2022-06-29,359.63858032226562
2022-06-30,356.71670532226562
2022-07-01,360.48956298828125
2022-07-05,361.17037963867188
2022-07-06,362.39016723632812
2022-07-07,367.8177490234375
2022-07-08,367.51516723632812
2022-07-11,363.31674194335938
2022-07-12,360.10189819335938
2022-07-13,358.21075439453125
2022-07-14,357.3408203125
2022-07-15,364.16790771484375
2022-07-18,361.16098022460938
2022-07-19,370.91928100585938
2022-07-20,373.28311157226562
2022-07-21,377.08438110351562
2022-07-22,373.58575439453125
2022-07-25,374.03964233398438
2022-07-26,369.61441040039062
2022-07-27,379.21188354492188
2022-07-28,383.9681396484375
2022-07-29,389.56591796875
2022-08-01,388.41226196289062
2022-08-02,385.84979248046875
2022-08-03,391.89205932617188
2022-08-04,391.627197265625
2022-08-05,390.96530151367188
2022-08-08,390.51138305664062
2022-08-09,388.96078491210938
2022-08-10,397.13040161132812
2022-08-11,397.13040161132812
2022-08-12,403.853515625
2022-08-15,405.51766967773438
2022-08-16,406.31201171875
2022-08-17,403.42800903320312
2022-08-18,404.60052490234375
2022-08-19,399.16348266601562
2022-08-22,390.85189819335938
2022-08-23,389.90634155273438
2022-08-24,391.15444946289062
2022-08-25,396.676513671875
2022-08-26,383.24951171875
2022-08-29,380.71539306640625
2022-08-30,376.53598022460938
2022-08-31,373.6707763671875
2022-09-01,374.84335327148438
2022-09-02,370.89080810546875
2022-09-06,369.491455078125
2022-09-07,376.12939453125
2022-09-08,378.58782958984375
2022-09-09,384.46926879882812
2022-09-12,388.60147094726562
2022-09-13,371.7039794921875
2022-09-14,373.1224365234375
2022-09-15,368.88623046875
2022-09-16,366.07211303710938
2022-09-19,368.91091918945312
2022-09-20,364.67636108398438
2022-09-21,358.31503295898438
2022-09-22,355.30526733398438
2022-09-23,349.3521728515625
2022-09-26,345.8961181640625
2022-09-27,345.01315307617188
2022-09-28,351.80169677734375
2022-09-29,344.45297241210938
2022-09-30,339.12652587890625
2022-10-03,348.07989501953125
2022-10-04,358.86566162109375
2022-10-05,358.03021240234375
2022-10-06,354.3367919921875
2022-10-07,344.45297241210938
2022-10-10,341.82296752929688
2022-10-11,339.658203125
2022-10-12,338.53790283203125
2022-10-13,347.47222900390625
2022-10-14,339.55374145507812
2022-10-17,348.27926635742188
2022-10-18,352.37142944335938
2022-10-19,349.87435913085938
2022-10-20,346.94058227539062
2022-10-21,355.3717041015625
2022-10-24,359.72018432617188
2022-10-25,365.46435546875
2022-10-26,362.71099853515625
2022-10-27,360.77413940429688
2022-10-28,369.35714721679688
2022-10-31,366.689208984375
2022-11-01,365.08465576171875
2022-11-02,355.92236328125
2022-11-03,352.25750732421875
2022-11-04,357.32763671875
2022-11-07,360.74560546875
2022-11-08,362.69195556640625
2022-11-09,355.21978759765625
2022-11-10,374.7406005859375
2022-11-11,378.36746215820312
2022-11-14,375.14883422851562
2022-11-15,378.34848022460938
2022-11-16,375.462158203125
2022-11-17,374.31332397460938
2022-11-18,376.01284790039062
2022-11-21,374.64559936523438
2022-11-22,379.68728637695312
2022-11-23,382.07992553710938
2022-11-25,381.99441528320312
2022-11-28,375.89886474609375
2022-11-29,375.2532958984375
2022-11-30,387.073974609375
2022-12-01,386.78921508789062
2022-12-02,386.34295654296875
2022-12-05,379.39300537109375
2022-12-06,373.92398071289062
2022-12-07,373.28790283203125
2022-12-08,376.21224975585938
2022-12-09,373.40182495117188
2022-12-12,378.78536987304688
2022-12-13,381.65261840820312
2022-12-14,379.21255493164062
2022-12-15,369.93634033203125
2022-12-16,365.56875610351562
2022-12-19,362.4688720703125
2022-12-20,362.96484375
2022-12-21,368.39215087890625
2022-12-22,363.13665771484375
2022-12-23,365.22543334960938
2022-12-27,363.78512573242188
2022-12-28,359.26409912109375
2022-12-29,365.73104858398438
2022-12-30,364.76760864257812
2023-01-03,363.23199462890625
2023-01-04,366.03616333007812
2023-01-05,361.85845947265625
2023-01-06,370.15670776367188
2023-01-09,369.94683837890625
2023-01-10,372.54122924804688
2023-01-11,377.25311279296875
2023-01-12,378.62649536132812
2023-01-13,380.095458984375
2023-01-17,379.39910888671875
2023-01-18,373.4091796875
2023-01-19,370.69085693359375
2023-01-20,377.59646606445312
2023-01-23,382.12704467773438
2023-01-24,381.71694946289062
2023-01-25,381.85995483398438
2023-01-26,386.05685424804688
2023-01-27,386.94384765625
2023-01-30,382.08892822265625
2023-01-31,387.7069091796875
2023-02-01,391.82736206054688
2023-02-02,397.53125
2023-02-03,393.30587768554688
2023-02-06,390.9022216796875
2023-02-07,396.01461791992188
2023-02-08,391.68426513671875
2023-02-09,388.28875732421875
2023-02-10,389.19488525390625
2023-02-13,393.76358032226562
2023-02-14,393.58242797851562
2023-02-15,394.86050415039062
2023-02-16,389.42379760742188
2023-02-17,388.450927734375
2023-02-21,380.65814208984375
2023-02-22,380.13360595703125
2023-02-23,382.15567016601562
2023-02-24,378.07339477539062
2023-02-27,379.36099243164062
2023-02-28,377.95889282226562
2023-03-01,376.50909423828125
2023-03-02,379.437255859375
2023-03-03,385.52264404296875
2023-03-06,385.7896728515625
2023-03-07,379.87603759765625
2023-03-08,380.49609375
2023-03-09,373.4759521484375
2023-03-10,368.08697509765625
2023-03-13,367.56228637695312
2023-03-14,373.6380615234375
2023-03-15,371.30123901367188
2023-03-16,377.81573486328125
2023-03-17,373.39804077148438
2023-03-20,376.988525390625
2023-03-21,381.93865966796875
2023-03-22,375.42794799804688
2023-03-23,376.44284057617188
2023-03-24,378.91302490234375
2023-03-27,379.62164306640625
2023-03-28,378.76947021484375
2023-03-29,384.27481079101562
2023-03-30,386.52487182617188
2023-03-31,391.9727783203125
2023-04-03,393.4664306640625
2023-04-04,391.28341674804688
2023-04-05,390.25888061523438
2023-04-06,391.78125
2023-04-10,392.18331909179688
2023-04-11,392.2886962890625
2023-04-12,390.68978881835938
2023-04-13,395.87918090820312
2023-04-14,394.912109375
2023-04-17,396.32916259765625
2023-04-18,396.58779907226562
2023-04-19,396.52069091796875
2023-04-20,394.35687255859375
2023-04-21,394.66323852539062
2023-04-24,395.07489013671875
2023-04-25,388.80352783203125
2023-04-26,387.15679931640625
2023-04-27,394.86431884765625
2023-04-28,398.2344970703125
2023-05-01,397.8323974609375
2023-05-02,393.36111450195312
2023-05-03,390.66107177734375
2023-05-04,387.89404296875
2023-05-05,395.07489013671875
2023-05-08,395.18023681640625
2023-05-09,393.44723510742188
2023-05-10,395.28558349609375
2023-05-11,394.59619140625
2023-05-12,394.07916259765625
2023-05-15,395.43881225585938
2023-05-16,392.79623413085938
2023-05-17,397.5643310546875
2023-05-18,401.3941650390625
2023-05-19,400.81002807617188
2023-05-22,400.97280883789062
2023-05-23,396.4727783203125
2023-05-24,393.60040283203125
2023-05-25,397.00894165039062
2023-05-26,402.15054321289062
2023-05-30,402.30374145507812
2023-05-31,400.07284545898438
2023-06-01,403.87396240234375
2023-06-02,409.71444702148438
2023-06-05,408.92929077148438
2023-06-06,409.81973266601562
2023-06-07,408.40264892578125
2023-06-08,410.8729248046875
2023-06-09,411.61016845703125
2023-06-12,415.34423828125
2023-06-13,418.0826416015625
2023-06-14,418.5804443359375
2023-06-15,423.76986694335938
2023-06-16,422.326416015625
2023-06-20,420.13531494140625
2023-06-21,417.98263549804688
2023-06-22,419.491455078125
2023-06-23,416.32009887695312
2023-06-26,414.61907958984375
2023-06-27,419.16470336914062
2023-06-28,419.3760986328125
2023-06-29,421.029052734375
2023-06-30,425.9974365234375
2023-07-03,426.48760986328125
2023-07-05,425.85336303710938
2023-07-06,422.51864624023438
2023-07-07,421.451904296875
2023-07-10,422.51864624023438
2023-07-11,425.20947265625
2023-07-12,428.63067626953125
2023-07-13,432.03265380859375
2023-07-14,431.76358032226562
2023-07-17,433.26272583007812
2023-07-18,436.482177734375
2023-07-19,437.45272827148438
2023-07-20,434.55047607421875
2023-07-21,434.55047607421875
2023-07-24,436.49179077148438
2023-07-25,437.68341064453125
2023-07-26,437.75070190429688
2023-07-27,434.848388671875
2023-07-28,439.105712890625
2023-07-31,439.9417724609375
2023-08-01,438.68283081054688
2023-08-02,432.58041381835938
2023-08-03,431.3406982421875
2023-08-04,429.38986206054688
2023-08-07,433.1378173828125
2023-08-08,431.25418090820312
2023-08-09,428.37118530273438
2023-08-10,428.52499389648438
2023-08-11,428.27511596679688
2023-08-14,430.63912963867188
2023-08-15,425.62274169921875
2023-08-16,422.49945068359375
2023-08-17,419.28005981445312
2023-08-18,419.48184204101562
2023-08-21,422.21112060546875
2023-08-22,421.06753540039062
2023-08-23,425.75729370117188
2023-08-24,419.85665893554688
2023-08-25,422.8165283203125
2023-08-28,425.49777221679688
2023-08-29,431.64822387695312
2023-08-30,433.4261474609375
2023-08-31,432.79183959960938
2023-09-01,433.59902954101562
2023-09-05,431.72515869140625
2023-09-06,428.82293701171875
2023-09-07,427.50631713867188
2023-09-08,428.15017700195312
2023-09-11,430.96591186523438
2023-09-12,428.601806640625
2023-09-13,429.10159301757812
2023-09-14,432.80142211914062
2023-09-15,427.5869140625
2023-09-18,427.83767700195312
2023-09-19,426.95037841796875
2023-09-20,423.02536010742188
2023-09-21,416.03338623046875
2023-09-22,415.097900390625
2023-09-25,416.84353637695312
2023-09-26,410.71954345703125
2023-09-27,410.88348388671875
2023-09-28,413.2655029296875
2023-09-29,412.26254272460938
2023-10-02,412.09866333007812
2023-10-03,406.58224487304688
2023-10-04,409.54293823242188
2023-10-05,409.38864135742188
2023-10-06,414.24923706054688
2023-10-09,416.9013671875
2023-10-10,419.07125854492188
2023-10-11,420.78793334960938
2023-10-12,418.22262573242188
2023-10-13,416.13946533203125
2023-10-16,420.51788330078125
2023-10-17,420.49856567382812
2023-10-18,414.89541625976562
2023-10-19,411.24996948242188
2023-10-20,406.19647216796875
2023-10-23,405.49246215820312
2023-10-24,408.54962158203125
2023-10-25,402.68606567382812
2023-10-26,397.86404418945312
2023-10-27,396.06060791015625
2023-10-30,400.79580688476562
2023-10-31,403.31295776367188
2023-11-01,407.61416625976562
2023-11-02,415.42587280273438
2023-11-03,419.2159423828125
2023-11-06,420.18032836914062
2023-11-07,421.37615966796875
2023-11-08,421.684814453125
2023-11-09,418.39617919921875
2023-11-10,424.92510986328125
2023-11-13,424.5201416015625
2023-11-14,432.75613403320312
2023-11-15,433.67230224609375
2023-11-16,434.20269775390625
2023-11-17,434.7427978515625
2023-11-20,438.08926391601562
2023-11-21,437.13449096679688
2023-11-22,438.82217407226562
2023-11-24,439.09222412109375
2023-11-27,438.30148315429688
2023-11-28,438.73541259765625
2023-11-29,438.42681884765625
2023-11-30,440.153076171875
2023-12-01,442.7569580078125
2023-12-04,440.43280029296875
2023-12-05,440.34600830078125
2023-12-06,438.57147216796875
2023-12-07,441.91793823242188
2023-12-08,443.81781005859375
2023-12-11,445.54409790039062
2023-12-12,447.57901000976562
2023-12-13,453.75119018554688
2023-12-14,455.20742797851562
2023-12-15,454.45794677734375
2023-12-18,457.0142822265625
2023-12-19,459.79330444335938
2023-12-20,453.42184448242188
2023-12-21,457.72113037109375
2023-12-22,458.6409912109375
2023-12-26,460.57763671875
2023-12-27,461.41036987304688
2023-12-28,461.58468627929688
2023-12-29,460.2484130859375
2024-01-02,457.6727294921875
2024-01-03,453.93502807617188
2024-01-04,452.47283935546875
2024-01-05,453.0926513671875
2024-01-08,459.56088256835938
2024-01-09,458.86383056640625
2024-01-10,461.45880126953125
2024-01-11,461.25546264648438
2024-01-12,461.574951171875
2024-01-16,459.88046264648438
2024-01-17,457.3240966796875
2024-01-18,461.39102172851562
2024-01-19,467.14279174804688
2024-01-22,468.13058471679688
2024-01-23,469.49578857421875
2024-01-24,470.00900268554688
2024-01-25,472.56536865234375
2024-01-26,471.96499633789062
2024-01-29,475.70266723632812
2024-01-30,475.33477783203125
2024-01-31,467.57858276367188
2024-02-01,473.69830322265625
2024-02-02,478.68508911132812
2024-02-05,476.94210815429688
2024-02-06,478.32681274414062
2024-02-07,482.3162841796875
2024-02-08,482.52926635742188
2024-02-09,485.31802368164062
2024-02-12,485.10498046875
2024-02-13,478.42361450195312
2024-02-14,482.7713623046875
2024-02-15,486.1024169921875
2024-02-16,483.68154907226562
2024-02-20,481.01876831054688
2024-02-21,481.45449829101562
2024-02-22,491.41845703125
2024-02-23,491.75729370117188
2024-02-26,489.9561767578125
2024-02-27,490.86648559570312
2024-02-28,490.21774291992188
2024-02-29,491.97998046875
2024-03-01,496.59884643554688
2024-03-04,496.0662841796875
2024-03-05,491.10855102539062
2024-03-06,493.59710693359375
2024-03-07,498.4967041015625
2024-03-08,495.504638671875
2024-03-11,495.07867431640625
2024-03-12,500.40435791015625
2024-03-13,499.6199951171875
2024-03-14,498.63232421875
2024-03-15,495.20846557617188
2024-03-18,498.15155029296875
2024-03-19,500.9197998046875
2024-03-20,505.55294799804688
2024-03-21,507.2236328125
2024-03-22,506.26211547851562
2024-03-25,504.86334228515625
2024-03-26,503.93084716796875
2024-03-27,508.16586303710938
2024-03-28,508.06875610351562
2024-04-01,507.18475341796875
2024-04-02,503.9600830078125
2024-04-03,504.51364135742188
2024-04-04,498.35546875
2024-04-05,503.561767578125
2024-04-08,503.8433837890625
2024-04-09,504.42626953125
2024-04-10,499.37542724609375
2024-04-11,503.14407348632812
2024-04-12,496.19918823242188
2024-04-15,489.98275756835938
2024-04-16,489.08908081054688
2024-04-17,486.19454956054688
2024-04-18,485.19406127929688
2024-04-19,480.95919799804688
2024-04-22,485.38836669921875
2024-04-23,491.14828491210938
2024-04-24,490.91519165039062
2024-04-25,489.05023193359375
2024-04-26,493.68344116210938
2024-04-29,495.43179321289062
2024-04-30,487.58358764648438
2024-05-01,486.00030517578125
2024-05-02,490.54605102539062
2024-05-03,496.6265869140625
2024-05-06,501.75506591796875
2024-05-07,502.30874633789062
2024-05-08,502.35733032226562
2024-05-09,505.25189208984375
2024-05-10,505.90274047851562
2024-05-13,505.97073364257812
2024-05-14,508.29217529296875
2024-05-15,514.58624267578125
2024-05-16,513.527587890625
2024-05-17,514.26568603515625
2024-05-20,514.85821533203125
2024-05-21,516.12091064453125
2024-05-22,514.6348876953125
2024-05-23,510.8758544921875
2024-05-24,514.25616455078125
2024-05-28,514.615478515625
2024-05-29,511.01181030273438
2024-05-30,507.62188720703125
2024-05-31,512.24542236328125
2024-06-03,512.6630859375
2024-06-04,513.23614501953125
2024-06-05,519.3359375
2024-06-06,519.326416015625
2024-06-07,518.69500732421875
2024-06-10,520.29754638671875
2024-06-11,521.55059814453125
2024-06-12,525.834228515625
2024-06-13,526.892822265625
2024-06-14,527.2135009765625
2024-06-17,531.4095458984375
2024-06-18,532.7596435546875
2024-06-20,531.31243896484375
2024-06-21,530.60003662109375
2024-06-24,528.875244140625
2024-06-25,530.9119873046875
2024-06-26,531.57452392578125
2024-06-27,532.41253662109375
2024-06-28,530.3175048828125
2024-07-01,531.408935546875
2024-07-02,534.9852294921875
2024-07-03,537.37261962890625
2024-07-05,540.4713134765625
2024-07-08,541.09503173828125
2024-07-09,541.62115478515625
2024-07-10,546.98065185546875
2024-07-11,542.2642822265625
2024-07-12,545.68463134765625
2024-07-15,547.18536376953125
2024-07-16,550.43017578125
2024-07-17,542.712646484375
2024-07-18,538.54180908203125
2024-07-19,534.96563720703125
2024-07-22,540.48114013671875
2024-07-23,539.63330078125
2024-07-24,527.40386962890625
2024-07-25,524.65594482421875
2024-07-26,530.53179931640625
2024-07-29,530.84368896484375
2024-07-30,528.1541748046875
2024-07-31,536.73919677734375
2024-08-01,529.13848876953125
2024-08-02,519.28680419921875
2024-08-05,504.16314697265625
2024-08-06,508.81134033203125
2024-08-07,505.410400390625
2024-08-08,517.0941162109375
2024-08-09,519.3743896484375
2024-08-12,519.647216796875
2024-08-13,528.19317626953125
2024-08-14,529.85955810546875
2024-08-15,538.9415283203125
2024-08-16,540.14984130859375
2024-08-19,545.314453125
2024-08-20,544.4276123046875
2024-08-21,546.298583984375
2024-08-22,542.01092529296875
2024-08-23,547.77001953125
2024-08-26,546.4642333984375
2024-08-27,547.21453857421875
2024-08-28,544.03778076171875
2024-08-29,544.0865478515625
2024-08-30,549.2803955078125
2024-09-03,537.9766845703125
2024-09-04,536.87554931640625
2024-09-05,535.56976318359375
2024-09-06,526.55609130859375
2024-09-09,532.45147705078125
2024-09-10,534.77069091796875
2024-09-11,540.25689697265625
2024-09-12,544.80767822265625
2024-09-13,547.653076171875
2024-09-16,548.46185302734375
2024-09-17,548.6859130859375
2024-09-18,547.05865478515625
2024-09-19,556.3939208984375
2024-09-20,555.43212890625
2024-09-23,556.82012939453125
2024-09-24,558.41326904296875
2024-09-25,557.18170166015625
2024-09-26,559.3907470703125
2024-09-27,558.579345703125
2024-09-30,560.81768798828125
2024-10-01,555.793701171875
2024-10-02,556.0283203125
2024-10-03,555.01171875
2024-10-04,560.055419921875
2024-10-07,554.9921875
2024-10-08,560.24102783203125
2024-10-09,564.12152099609375
2024-10-10,563.1343994140625
2024-10-11,566.50653076171875
2024-10-14,571.1395263671875
2024-10-15,566.7020263671875
2024-10-16,569.1651611328125
2024-10-17,569.21405029296875
2024-10-18,571.40350341796875
2024-10-21,570.4652099609375
2024-10-22,570.1622314453125
2024-10-23,564.952392578125
2024-10-24,566.1741943359375
2024-10-25,565.9786376953125
2024-10-28,567.72833251953125
2024-10-29,568.647216796875
2024-10-30,566.9268798828125
2024-10-31,555.813232421875
2024-11-01,558.15924072265625
2024-11-04,556.9569091796875
2024-11-05,563.6915283203125
2024-11-06,577.70806884765625
2024-11-07,582.17486572265625
2024-11-08,584.69671630859375
2024-11-11,585.25384521484375
2024-11-12,583.43585205078125
2024-11-13,583.71917724609375
2024-11-14,579.9659423828125
2024-11-15,572.53741455078125
2024-11-18,574.8831787109375
2024-11-19,576.9847412109375
2024-11-20,577.18023681640625
2024-11-21,580.27874755859375
2024-11-22,582.07720947265625
2024-11-25,584.05169677734375
2024-11-26,587.101318359375
2024-11-27,585.32232666015625
2024-11-29,588.95843505859375
2024-12-02,590.0140380859375
2024-12-03,590.28765869140625
2024-12-04,593.95306396484375
2024-12-05,592.9755859375
2024-12-06,594.09979248046875
2024-12-09,591.04034423828125
2024-12-10,589.2027587890625
2024-12-11,593.75762939453125
2024-12-12,590.69818115234375
2024-12-13,590.5809326171875
2024-12-16,593.10272216796875
2024-12-17,590.65911865234375
2024-12-18,573.05548095703125
2024-12-19,572.87945556640625
2024-12-20,579.76031494140625
2024-12-23,583.23211669921875
2024-12-24,589.71466064453125
2024-12-26,589.75396728515625
2024-12-27,583.5458984375
2024-12-30,576.88665771484375
2024-12-31,574.78802490234375
2025-01-02,573.3756103515625
2025-01-03,580.544921875
2025-01-06,583.88909912109375
2025-01-07,577.288818359375
2025-01-08,578.13226318359375
2025-01-10,569.30560302734375
2025-01-13,570.18829345703125
2025-01-14,570.97283935546875
2025-01-15,581.35894775390625
2025-01-16,580.24090576171875
2025-01-17,586.06640625
2025-01-21,591.4310302734375
2025-01-22,594.755615234375
2025-01-23,598.00189208984375
2025-01-24,596.25616455078125
2025-01-27,587.82196044921875
2025-01-28,592.8726806640625
2025-01-29,590.21490478515625
2025-01-30,593.3826904296875
2025-01-31,590.22467041015625
2025-02-03,586.2528076171875
2025-02-04,590.18548583984375
2025-02-05,592.57843017578125
2025-02-06,594.63800048828125
2025-02-07,589.19488525390625
2025-02-10,593.1962890625
2025-02-11,593.64752197265625
2025-02-12,591.7349853515625
2025-02-13,597.98223876953125
2025-02-14,597.952880859375
2025-02-18,599.7083740234375
2025-02-19,601.12066650390625
2025-02-20,598.6197509765625
2025-02-21,588.3809814453125
2025-02-24,585.7034912109375
2025-02-25,582.79071044921875
2025-02-26,583.08489990234375
2025-02-27,573.77777099609375
2025-02-28,582.73187255859375
2025-03-03,572.5224609375
2025-03-04,565.74560546875
2025-03-05,571.826171875
2025-03-06,561.6756591796875
2025-03-07,564.8236083984375
2025-03-10,549.77923583984375
2025-03-11,545.20904541015625
2025-03-12,548.102294921875
2025-03-13,540.79571533203125
2025-03-14,551.96636962890625
2025-03-17,556.22271728515625
2025-03-18,550.21087646484375
2025-03-19,556.20306396484375
2025-03-20,554.5946044921875
2025-03-21,554.77764892578125
2025-03-24,564.71282958984375
2025-03-25,566.0703125
2025-03-26,559.31243896484375
2025-03-27,557.82708740234375
2025-03-28,546.59332275390625
2025-03-31,550.26251220703125
2025-04-01,551.81671142578125
2025-04-02,555.308837890625
2025-04-03,527.94281005859375
2025-04-04,497.035400390625
2025-04-07,496.150146484375
2025-04-08,488.3790283203125
2025-04-09,539.66827392578125
2025-04-10,516.0205078125
2025-04-11,525.227783203125
2025-04-14,530.32330322265625
2025-04-15,528.83782958984375
2025-04-16,517.08282470703125
2025-04-17,517.82061767578125
2025-04-21,505.4951171875
2025-04-22,518.64703369140625
2025-04-23,526.68365478515625
2025-04-24,537.769775390625
2025-04-25,541.65533447265625
2025-04-28,541.86181640625
2025-04-29,545.27532958984375
2025-04-30,545.49169921875
2025-05-01,549.3575439453125
2025-05-02,557.51220703125
2025-05-05,554.31536865234375
2025-05-06,549.68218994140625
2025-05-07,551.9937744140625
2025-05-08,555.84002685546875
2025-05-09,555.1317138671875
2025-05-12,573.47747802734375
2025-05-13,577.26470947265625
2025-05-14,578.00250244140625
2025-05-15,580.82562255859375
2025-05-16,584.5045166015625
2025-05-19,585.1439208984375
2025-05-20,583.17657470703125
2025-05-21,573.349609375
2025-05-22,573.5758056640625
2025-05-23,569.6607666015625
2025-05-27,581.50439453125
2025-05-28,578.14007568359375
2025-05-29,580.4222412109375
2025-05-30,579.77301025390625
2025-06-02,583.038818359375
2025-06-03,586.36376953125
2025-06-04,586.20635986328125
2025-06-05,583.373291015625
2025-06-06,589.36395263671875
2025-06-09,589.89520263671875
2025-06-10,593.23956298828125
2025-06-11,591.54766845703125
2025-06-12,593.898681640625
2025-06-13,587.25885009765625
2025-06-16,592.84619140625
2025-06-17,587.7802734375
2025-06-18,587.69171142578125
2025-06-20,586.31146240234375
2025-06-23,592.1026611328125
2025-06-24,598.64385986328125
2025-06-25,598.97930908203125
2025-06-26,603.66558837890625
2025-06-27,606.664794921875
2025-06-30,609.5654296875
2025-07-01,609.3681640625
2025-07-02,612.13055419921875
2025-07-03,616.9549560546875
2025-07-07,612.357421875
2025-07-08,612.02203369140625
2025-07-09,615.692138671875
2025-07-10,617.42852783203125
2025-07-11,615.2579345703125
2025-07-14,616.43212890625
2025-07-15,613.79791259765625
2025-07-16,615.8499755859375
2025-07-17,619.61871337890625
2025-07-18,619.16497802734375
2025-07-21,620.3389892578125
2025-07-22,620.42779541015625
2025-07-23,625.70599365234375
2025-07-24,625.91326904296875
2025-07-25,628.5572509765625
2025-07-28,628.3994140625
2025-07-29,626.741943359375
2025-07-30,625.95269775390625
2025-07-31,623.6046142578125
2025-08-01,613.38348388671875
2025-08-04,622.70672607421875
2025-08-05,619.5496826171875
2025-08-06,624.2952880859375
2025-08-07,623.77227783203125
2025-08-08,628.63616943359375
2025-08-11,627.39300537109375
2025-08-12,634.07232666015625
2025-08-13,636.2427978515625
2025-08-14,636.30206298828125
2025-08-15,634.812255859375
2025-08-18,634.67413330078125
2025-08-19,631.23101806640625
2025-08-20,629.5537109375
2025-08-21,627.028076171875
2025-08-22,636.6571044921875
2025-08-25,633.85528564453125
2025-08-26,636.5091552734375
2025-08-27,637.95947265625
2025-08-28,640.21875
2025-08-29,636.40069580078125
2025-09-02,631.68475341796875
2025-09-03,635.10821533203125
2025-09-04,640.41607666015625
2025-09-05,638.56134033203125
2025-09-08,640.1300048828125
2025-09-09,641.6099853515625
2025-09-10,643.4647216796875
2025-09-11,648.81195068359375
2025-09-12,648.59490966796875
2025-09-15,652.0479736328125
2025-09-16,651.15020751953125
2025-09-17,650.34124755859375
2025-09-18,653.37994384765625
2025-09-19,656.61602783203125
2025-09-22,659.72259521484375
2025-09-23,656.1312255859375
2025-09-24,654.043701171875
2025-09-25,651.02630615234375
2025-09-26,654.75604248046875
2025-09-29,656.59619140625
2025-09-30,659.0694580078125
2025-10-01,661.3153076171875
2025-10-02,662.0770263671875
2025-10-03,662.06719970703125
2025-10-06,664.4415283203125
2025-10-07,661.9781494140625
2025-10-08,665.925537109375
2025-10-09,663.99639892578125
2025-10-10,646.04998779296875
2025-10-13,655.9630126953125
2025-10-14,655.16168212890625
2025-10-15,658.0703125
2025-10-16,653.58868408203125
2025-10-17,657.29864501953125
2025-10-20,664.1348876953125
2025-10-21,664.12493896484375
2025-10-22,660.6722412109375
2025-10-23,664.5899658203125
2025-10-24,670.02130126953125
2025-10-27,677.92608642578125
2025-10-28,679.72662353515625
2025-10-29,680.0531005859375
2025-10-30,672.57391357421875
2025-10-31,674.780029296875
2025-11-03,676.04638671875
2025-11-04,668.03277587890625
2025-11-05,670.34783935546875
2025-11-06,663.15545654296875
2025-11-07,663.808349609375
2025-11-10,674.1666259765625
2025-11-11,675.7099609375
2025-11-12,676.0859375
2025-11-13,664.86700439453125
2025-11-14,664.75811767578125
2025-11-17,658.56494140625
2025-11-18,653.03466796875
2025-11-19,655.557373046875
2025-11-20,645.56524658203125
2025-11-21,651.995849609375
2025-11-24,661.59228515625
2025-11-25,667.81512451171875
2025-11-26,672.4254150390625
2025-11-28,676.09588623046875
2025-12-01,673.0091552734375
2025-12-02,674.25567626953125
2025-12-03,676.59051513671875
2025-12-04,677.08514404296875
2025-12-05,678.37127685546875
2025-12-08,676.33331298828125
2025-12-09,675.74957275390625
2025-12-10,680.231201171875
2025-12-11,681.81414794921875
2025-12-12,674.4832763671875
2025-12-15,673.46417236328125
2025-12-16,671.62408447265625
2025-12-17,664.23382568359375
2025-12-18,669.24969482421875
2025-12-19,675.31536865234375
2025-12-22,679.5224609375
2025-12-23,682.62823486328125
2025-12-24,685.02947998046875
2025-12-26,684.96002197265625
2025-12-29,682.51904296875
2025-12-30,681.685546875
2025-12-31,676.635009765625
